{
	"partitions" : [
		{
			"name" : "Top",
			"pins" : [
				{
					"name" : "Out[3]",
					"strict" : false
				},
				{
					"name" : "Out[2]",
					"strict" : false
				},
				{
					"name" : "Out[1]",
					"strict" : false
				},
				{
					"name" : "Out[0]",
					"strict" : false
				},
				{
					"name" : "In[3]",
					"strict" : false
				},
				{
					"name" : "Clock",
					"strict" : false
				},
				{
					"name" : "CLRN",
					"strict" : false
				},
				{
					"name" : "Load",
					"strict" : false
				},
				{
					"name" : "In[2]",
					"strict" : false
				},
				{
					"name" : "In[1]",
					"strict" : false
				},
				{
					"name" : "In[0]",
					"strict" : false
				}
			]
		}
	]
}